id,username,created_at,lng,lat,text
1517680111193145344,DYSF_BYRD,Sat Apr 23 01:41:50 +0000 2022,-80.8467855,35.209058999999996,That slap screamed fuck 12
1517680111683735553,PatiKRoll11,Sat Apr 23 01:41:50 +0000 2022,-108.636522,39.07573,@AlbertPylant Completely agree. We are losing our empathy.  It‚Äôs heartbreaking for those of us with empathy.
1517680113348866048,iembot_slc,Sat Apr 23 01:41:50 +0000 2022,-111.54702900000001,39.499762000000004,"At 9:00 AM MDT, Eden [Weber Co, UT] MESONET reports NON-TSTM WND GST of M43 MPH. SNOWBASIN STRAWBERRY TOWER 15 - 83‚Ä¶ https://t.co/1kBwOeDv8A"
1517680113466310658,BurressDerek,Sat Apr 23 01:41:50 +0000 2022,-79.861034,35.1704985,@NCTarheel2312 @wileynickel @ElectSamSearcy Let me guess... @JohnBellNC‚Äôs signs!
1517680114359619584,wallick_therese,Sat Apr 23 01:41:51 +0000 2022,-122.5447365,47.215098,"@sara_carrion_ I will now ""cease"". But that was fun.ü§£ü§£ü§£ü§£ü§£ü§£ü§£ü§£ü§£ü§£ü§£ü§£"
1517680114896715778,KakePop3,Sat Apr 23 01:41:51 +0000 2022,-100.0768885,31.1688935,@v_ari_7 Absolutely üíú
1517680114967977984,JP_PriesterSI,Sat Apr 23 01:41:51 +0000 2022,-80.926628,33.6311395,(WATCH) Monte Lee On Tigers Playing More Consistently @All_Clemson https://t.co/BEHcWNOFCV
1517680115236360193,katiestereo,Sat Apr 23 01:41:51 +0000 2022,-72.562691,42.8603635,Let‚Äôs go Mets! Late night baseball ‚ù§Ô∏è‚Äçüî•
1517680116490543107,Cap_Dub,Sat Apr 23 01:41:51 +0000 2022,-94.6493115,31.6139415,@enoch5040 Jon Stewart is the only one worthy.
1517680117530521602,iembot_slc,Sat Apr 23 01:41:51 +0000 2022,-111.54702900000001,39.499762000000004,"[Delayed Report] On Apr 22, at 12:30 AM MDT, Springdell [Utah Co, UT] MESONET reports NON-TSTM WND GST of M46 MPH.‚Ä¶ https://t.co/BxyBVy2QDG"
1517680118168236032,girlzprepreport,Sat Apr 23 01:41:51 +0000 2022,-89.2665075,39.7393005,5'2 Amani Lipscomb has UPS. @OK_SwiftWBB just elevated over 6'0 to SNAG a rebound @PGHCircuit : #TheExclusive
1517680118348627970,MikeTac0108,Sat Apr 23 01:41:52 +0000 2022,-82.3302695,29.673171500000002,Zach has to shoot better . Be more aggressive . Vooch needs to not take so many 3 point attempts . Everyone play be‚Ä¶ https://t.co/LocA8U1DGo
1517680121393594370,GradybabyMunk,Sat Apr 23 01:41:52 +0000 2022,-83.1738665,32.6782075,I‚Äôm blocking anyone on here who say the hawks should trade Capela again. We can‚Äôt get a rebound for shit
1517680121083166720,FCSNationRadio1,Sat Apr 23 01:41:52 +0000 2022,-110.0447835,46.6798,@kylorEPH I've seen your gimmick offense. Samford runs it in a real conference where you must win to get to the pla‚Ä¶ https://t.co/uTj3Iqn3Md
1517680121737400320,iembot_slc,Sat Apr 23 01:41:52 +0000 2022,-111.54702900000001,39.499762000000004,"[Delayed Report] On Apr 22, at 5:58 AM MDT, Burntfork [Duchesne Co, UT] MESONET reports NON-TSTM WND GST of M71 MPH‚Ä¶ https://t.co/Q0kMegj6o1"
1517680120667856896,Helhus,Sat Apr 23 01:41:52 +0000 2022,-122.891186,48.503227,It‚Äôs purdy out here. https://t.co/nqnTD96gdb
1517680122714800129,HoggStanDan,Sat Apr 23 01:41:53 +0000 2022,-75.3864605,39.1450235,Actorle 37 2/8üü®üü©Play here: https://t.co/jbCES9FPGq
1517680123390005248,PacificSmith,Sat Apr 23 01:41:53 +0000 2022,-117.02246299999999,32.633767,"New Episode! ""Ep. 57: Podcast Interviews - Who benefits more, the GUEST or the HOST?""Today we talk about Podcast‚Ä¶ https://t.co/PAc2S5u5ka"
1517680124388421632,Robb_InThe321,Sat Apr 23 01:41:53 +0000 2022,-83.804475,27.698681999999998,Congratulations to @MrazCBS as his sister gets married today! You know you love me as a listener bruh! Enjoy the night‚Äô
1517680123654414336,peterbergmanis,Sat Apr 23 01:41:53 +0000 2022,-81.2487865,42.9488405,@jamferg57 @fordnation It is happening.  Order your sign https://t.co/ekaVaB5bpt https://t.co/aaigB2nGgV
1517680125931778048,iembot_slc,Sat Apr 23 01:41:53 +0000 2022,-111.54702900000001,39.499762000000004,"[Delayed Report] On Apr 22, at 12:40 AM MDT, Fillmore [Millard Co, UT] COOP OBSERVER reports NON-TSTM WND GST of M5‚Ä¶ https://t.co/hSWvDpURs6"
1517680126338777094,Tmays1587,Sat Apr 23 01:41:53 +0000 2022,-72.16053600000001,43.355063,SEAN KNOWS BALL
1517680126665760768,webcav1,Sat Apr 23 01:41:53 +0000 2022,-118.1567105,33.809171500000005,@_ChampagneGuapi Petco Park has An amazing line up of beers. Salud! Go blue!
1517680126288269312,docwest310,Sat Apr 23 01:41:53 +0000 2022,-118.2480625,33.839611500000004,#FlashbackFriday @kendricklamar GKMC signing in Compton. https://t.co/J6aRjDxa7U
1517680127521345537,LifeatBosMarket,Sat Apr 23 01:41:54 +0000 2022,-105.1613037,39.7431955,We want to take you off the market by joining OUR Market! Grab your apron and join our team as our next LMS Coordin‚Ä¶ https://t.co/x9HyPvDHqp
1517680128008105986,WarDamnStool,Sat Apr 23 01:41:54 +0000 2022,-85.4915405,32.597245,BURK HIT 98 MY GOSH
1517680129467723779,thill5_,Sat Apr 23 01:41:54 +0000 2022,-96.053431,41.275721000000004,FactsüòÇ
1517680130117685249,iembot_slc,Sat Apr 23 01:41:54 +0000 2022,-111.54702900000001,39.499762000000004,"At 9:10 AM MDT, Price [Carbon Co, UT] MESONET reports NON-TSTM WND GST of M45 MPH. PRICE - CARBON COUNTY AIRPORT -‚Ä¶ https://t.co/AhNGw0iNRe"
1517680130767785985,maxwalkerkicks,Sat Apr 23 01:41:54 +0000 2022,-122.6301435,47.248023,@henrywigginsIV @JakeCookus @BeaverFootball @CoachSaparto @ThePuntFactory @Chris_Sailer @RylandSpencer @bprepfootball thank you bro!
1517680130885361664,legendamirj,Sat Apr 23 01:41:54 +0000 2022,-82.6976315,32.7358,exactly! mfers be ready for that and be looking sad the next couple hrs cs we back together ü§£ü§¶üèæ‚Äç‚ôÄÔ∏è
1517680131233386496,pangolin_panda,Sat Apr 23 01:41:55 +0000 2022,-122.3306025,47.614817,What a shame.
1517680131703283712,JasonRosko,Sat Apr 23 01:41:55 +0000 2022,-87.50296750000001,41.552024,Sucks Leury is going to catch a lot of shit because LaRussa keeps putting him in positions to fail.
1517680132143603714,_KOOLHAND,Sat Apr 23 01:41:55 +0000 2022,-91.40100849999999,30.937336000000002,Desperate times calls for desperate measures ü§∑üèæ‚Äç‚ôÇÔ∏è
1517680133141942272,RonneeCaked,Sat Apr 23 01:41:55 +0000 2022,-73.9685415,40.780709,I‚Äôm in phase of my relationship we‚Äôre I don‚Äôt wanna be around anyone but my boo. #love #ronneecaked #BlackLivesMatter
1517680133460668424,1infinitecosmos,Sat Apr 23 01:41:55 +0000 2022,-119.30660750000001,37.2691755,"@playful_heart1 Yes Isabella, I could see it was a spell check mistake. I have to read every post &amp; correct the mistakes. ü§™"
1517680133456470018,SFHCommish_1,Sat Apr 23 01:41:55 +0000 2022,-92.4367735,38.3045585,@ChrisBurkeNFL Sam Bradford is not limping through that door.
1517680133586538498,emogamedotcom,Sat Apr 23 01:41:55 +0000 2022,-98.5406515,29.417501,"It‚Äôs Friday so you know what that means‚Ä¶ and the bender beginsPs, I am definitely blasting my stomach next I sw‚Ä¶ https://t.co/gH875UwI5E"
1517680134337142785,iembot_slc,Sat Apr 23 01:41:55 +0000 2022,-111.54702900000001,39.499762000000004,"At 1:57 PM MDT, Paria [Kane Co, UT] MESONET reports NON-TSTM WND GST of M50 MPH. TELEGRAPH FLAT - 5460 FT https://t.co/LrKq0iLZiu"
1517680134802845698,CantTurnMeDownn,Sat Apr 23 01:41:55 +0000 2022,-97.754724,30.323345500000002,I‚Äôm hungry as shit too my job just did me so dirty üò≠üò≠üò≠üò≠
1517680135188664330,SalangGra,Sat Apr 23 01:41:56 +0000 2022,-76.50780850000001,37.090301,"I need some dopamine shot into my veins man, life hard üòÇ https://t.co/qFiZBYACF5"
1517680134953836545,MichaelUlch,Sat Apr 23 01:41:55 +0000 2022,-101.36155214,34.93848536,"Claude, TX 08:40 PM #txwx https://t.co/dOvRnd2NxK https://t.co/Scm7xATZOm"
1517680137139101697,_SimpleeMee,Sat Apr 23 01:41:56 +0000 2022,-79.9806895,40.431388999999996,When #IAmNikkiaIngram became a published co-author. This book is a glimpse into the life of several #changemaking b‚Ä¶ https://t.co/PVMd7H2n5z
1517680137940180995,JudyAll83062429,Sat Apr 23 01:41:56 +0000 2022,-85.9785995,35.8305215,"@AliciaHTD Everything, she's just so amazing üåª"
1517680137994596352,JasonnLDenard,Sat Apr 23 01:41:56 +0000 2022,-74.2285,40.5897,"Two of my fav things in this world! #AutyE #SeBashDen #AutyandBash @ Carteret, New Jersey https://t.co/iSLmiknfM6"
1517680138045034502,ThatsNoa,Sat Apr 23 01:41:56 +0000 2022,-84.433106,33.7671945,Trae young is not built for the playoffs
1517680138275667968,FeistyNana1,Sat Apr 23 01:41:56 +0000 2022,-80.4632,25.706249,Lindsey
1517680138585972736,iembot_slc,Sat Apr 23 01:41:56 +0000 2022,-111.54702900000001,39.499762000000004,"[Delayed Report] On Apr 22, at 3:01 AM MDT, Greenwich [Piute Co, UT] MESONET reports NON-TSTM WND GST of M45 MPH. F‚Ä¶ https://t.co/DRsE5dmNbc"
1517680138909016065,AMCHSPTO,Sat Apr 23 01:41:56 +0000 2022,-96.347781,30.6658585,"Did you forget to register for After Prom Bash? No worries!! Bring your form and $20 to the door to join the fun, g‚Ä¶ https://t.co/RFwGMsZ2lM"
1517680139420807171,aresel_,Sat Apr 23 01:41:57 +0000 2022,-100.247165,44.2125075,Always fun driving into a tornadic storm from the north. #sdwx https://t.co/wqhokZKOoD
1517680140142133250,beer_fett,Sat Apr 23 01:41:57 +0000 2022,-77.349057,38.9558015,@chaosbria @AshJeffys Done! Renn Fest is your deadline üòÇ
1517680140272164864,jartese,Sat Apr 23 01:41:57 +0000 2022,-71.683502,42.036939000000004,@williamlegate She's a reptilian qanon overlord
1517680140469383169,LeafsGirl76,Sat Apr 23 01:41:57 +0000 2022,-80.4764035,43.43024,@BlueJays @Bzimmer5 Anyone know the play by play announcer filling in for Buck? .. His voice is really familiar
1517680141538934784,mxsgl,Sat Apr 23 01:41:57 +0000 2022,-77.0143985,38.898602999999994,The blue arrow is approximately the location of the elevated walkway seen in the shooter‚Äôs video. https://t.co/jXoJ9Qqj9r
1517680142700621824,iembot_slc,Sat Apr 23 01:41:57 +0000 2022,-111.54702900000001,39.499762000000004,"At 1:04 PM MDT, Harrisburg [Washington Co, UT] MESONET reports NON-TSTM WND GST of M46 MPH. WHITE REEF - 3440 FT https://t.co/3bOYBdcybN"
1517680143367647232,realpostaljim,Sat Apr 23 01:41:57 +0000 2022,-87.946235,42.170103999999995,@ACTBrigitte Was that the topic of the day in the GOP memo? He can buy but he isn‚Äôt.
1517680143438733312,PodtasticA,Sat Apr 23 01:41:57 +0000 2022,-117.02246299999999,32.633767,"New Episode! ""Ep. 57: Podcast Interviews - Who benefits more, the GUEST or the HOST?""Today we talk about Podcast‚Ä¶ https://t.co/HxIjvPKQpM"
1517680143845793794,TweetDatShit_,Sat Apr 23 01:41:58 +0000 2022,-86.629891,30.4364535,Life is good besides all the bs.
1517680143744978944,615somewhere,Sat Apr 23 01:41:58 +0000 2022,-86.791549,36.200008,"üòÇüòÇüòÇ, yea they still got a old mattress lol"
1517680143979859968,yesjulzzz,Sat Apr 23 01:41:58 +0000 2022,-115.0611275,36.184754,@NanoNimbus nah that shit lame üëç
1517680144378384388,spotfoss,Sat Apr 23 01:41:58 +0000 2022,-122.4204102,37.769825,OMG this is crack - Drinking a Maple Sumi Snow Creem by @GrimmAles at @craftyfoxsf  ‚Äî https://t.co/CLYcmqYGSS
1517680144365887491,wolfiecomedy,Sat Apr 23 01:41:58 +0000 2022,-73.9685415,40.780709,nailed it https://t.co/Pe1rtBmBBu
1517680144844226565,bdj79,Sat Apr 23 01:41:58 +0000 2022,-91.6828545,41.976528,"My daughter is trying to convince me that the weekend should only be one day long and, how do I cast her out into the wilderness?"
1517680144109948930,omega7stone,Sat Apr 23 01:41:58 +0000 2022,-82.7813495,28.0294185,@Nanettemooreatl I was mistaken..it's been awhile. Mitchell the luthier made a Ouija guitar for BBKing!üíôüíô https://t.co/DioEH57O3K
1517680145540304897,chargeforhugs,Sat Apr 23 01:41:58 +0000 2022,-74.00589108,40.71270142,"Just posted a photo @ New York City, N.Y. https://t.co/U3SuvXa0VB"
1517680145838100481,KobeTutt,Sat Apr 23 01:41:58 +0000 2022,-95.99017549999999,30.083158,Year 2 of building 41 running the UC ü§ûüèΩüè¥‚Äç‚ò†Ô∏è #StepOlympics
1517680146282684417,Ridiculous_Rob,Sat Apr 23 01:41:58 +0000 2022,-75.117998,40.0048655,What's up with this new Twitter update?? It‚Äôs ugly.üòí
1517680145636671488,RabunGOP,Sat Apr 23 01:41:58 +0000 2022,-83.1738665,32.6782075,We appreciate the campaigns of @JohnGordonForAG and @patrickjwitt stopping by @RabunGOP for a Friday afternoon meet‚Ä¶ https://t.co/cSY8x54SWf
1517680145749921792,ILLUMINATICHOZ3,Sat Apr 23 01:41:58 +0000 2022,-70.7626685,41.67208,If anybody can guess my exact location I'll give you... .5 #ETH (only if you don't know me lol) #business‚Ä¶ https://t.co/A1A3b68fDy
1517680146752413701,Sosa_migo59,Sat Apr 23 01:41:58 +0000 2022,-84.52540300000001,39.2856785,@AaronKelley34 They got that what up bra defense lol
1517680146903277569,iembot_slc,Sat Apr 23 01:41:58 +0000 2022,-111.54702900000001,39.499762000000004,"At 3:30 PM MDT, Curlew JCT [Box Elder Co, UT] MESONET reports NON-TSTM WND GST of M51 MPH. SR-30 AT CURLEW - 4766 FT https://t.co/IXYMKchLek"
1517680145452175362,G_4vision,Sat Apr 23 01:41:58 +0000 2022,-97.758521,35.493028,"Had a pretty good chest workout, but it was minus My Ace, who was training one of her athletes today. So I can‚Äôt‚Ä¶ https://t.co/on8AVmeIms"
1517680147775766529,cboyd304,Sat Apr 23 01:41:59 +0000 2022,-87.3277335,41.585848999999996,@MadScientistFF Q. Warren MoonRB. LaShon McCoy WR. Steve Smith TE. Antonio Gates
1517680147905671168,Prayerwheels,Sat Apr 23 01:41:59 +0000 2022,-122.4359785,37.7706565,@nathaliejacoby1 Absolutely yes!
1517680147146682370,OksanaChernata,Sat Apr 23 01:41:58 +0000 2022,-73.1991185,41.1856745,"Some new associates are such a hard workers ! And not occasionally, but every single time !  Amazing clean-up  Alex‚Ä¶ https://t.co/eCLe8kwH5t"
1517680148400820226,bjdavis,Sat Apr 23 01:41:59 +0000 2022,-79.861034,35.1704985,@Uber @Uber_Support booked a car from home to LGA for around $63. Driver cancels so I go to rebook and ended up pay‚Ä¶ https://t.co/TG5FR8GYJS
1517680148643934209,lin_life_3,Sat Apr 23 01:41:59 +0000 2022,-110.9155735,32.1893905,I can let it go I lost my soul üñ§
1517680148623106048,aliyahdanyelle,Sat Apr 23 01:41:59 +0000 2022,-86.791549,36.200008,@Myajordanr she swings on hayden already üò≠
1517680150602784768,maddiepiper27,Sat Apr 23 01:41:59 +0000 2022,-95.44648649999999,29.838495,Feel sick asf
1517680150997000193,pastanaks,Sat Apr 23 01:41:59 +0000 2022,-71.0887125,42.3136695,i think im going to become a krakens and yotes fan on top of a bruins fun just to officially because the most hated‚Ä¶ https://t.co/bsQbdslbqk
1517680151089188864,iembot_slc,Sat Apr 23 01:41:59 +0000 2022,-111.54702900000001,39.499762000000004,"[Delayed Report] On Apr 21, at 9:00 PM MDT, Fairview [Sanpete Co, UT] MESONET reports NON-TSTM WND GST of M41 MPH.‚Ä¶ https://t.co/rI5C14d4Wb"
1517680151949099012,TeriCBrownUGA,Sat Apr 23 01:42:00 +0000 2022,-83.1738665,32.6782075,@Jklmski56 @robreiner What‚Äôs more definitive is that Durham‚Äôs investigation reveals that it was actually Clinton wh‚Ä¶ https://t.co/CI2yuf0981
1517680152305709056,stormmom5,Sat Apr 23 01:42:00 +0000 2022,-91.3814145,39.712277,"@shoshierose @TheMulletCowboy My flowers are good. The yard, not so much."
1517680152561471488,Sd0518_,Sat Apr 23 01:42:00 +0000 2022,-86.791549,36.200008,Tree go to hell üòÇüòÇ
1517680152724926464,baristabunnyy,Sat Apr 23 01:42:00 +0000 2022,-122.506779,47.157103000000006,I can‚Äôt fkn STAND tik tok üò†
1517680153324933121,KJr8dio,Sat Apr 23 01:42:00 +0000 2022,-87.732013,41.8335845,"@Stan_The_Man68 ü§£---that's a 'hard' decision,eh!"
1517680153769529345,_queenTLashan,Sat Apr 23 01:42:00 +0000 2022,-76.593943,24.074967,I then see I calling the police for my neighbors. Y‚Äôall ain‚Äôt bring me no food but music loud under my window. OKAY ‚ÄºÔ∏è
1517680153815519232,_chslibrary,Sat Apr 23 01:42:00 +0000 2022,-106.4174305,31.793368,Canutillo 18-4 Hanks. Great pitching by @DavidPeru20 and @nicks_justin11  to close it!! @isaiah_arteaga7 with a hom‚Ä¶ https://t.co/O6x2AiyPAZ
1517680153958260743,mike_frank619,Sat Apr 23 01:42:00 +0000 2022,-83.099288,42.3527865,@_Forevajoshh @BlondieBandz She wasn‚Äôt driving. Dude she was driving with was drunk too and lost control
1517680154243383297,ericpulse1,Sat Apr 23 01:42:00 +0000 2022,-96.7311425,43.5410145,@elonmusk I loved that book!!
1517680154478268417,no_good_wyfe,Sat Apr 23 01:42:00 +0000 2022,-78.67129750000001,36.1168835,"It‚Äôs now mandatory for everyone to post pics when they take their pet to the groomer, word/caption included, becaus‚Ä¶ https://t.co/SXhvSRnBgP"
1517680155291897856,iembot_slc,Sat Apr 23 01:42:00 +0000 2022,-111.54702900000001,39.499762000000004,"[Delayed Report] On Apr 21, at 10:45 PM MDT, Barro [Tooele Co, UT] MESONET reports NON-TSTM WND GST of M47 MPH. INT‚Ä¶ https://t.co/mgauwNCrsq"
1517680155984113664,max_armdz,Sat Apr 23 01:42:00 +0000 2022,-98.11427,26.1871815,I‚Äôve been spending the past week with my whole immediate family under the same roof. It‚Äôs been the first while in m‚Ä¶ https://t.co/6KSkpKrxnK
1517680159477755905,iembot_slc,Sat Apr 23 01:42:01 +0000 2022,-111.54702900000001,39.499762000000004,"[Delayed Report] On Apr 21, at 10:40 PM MDT, Barro [Tooele Co, UT] MESONET reports NON-TSTM WND GST of M44 MPH. I-8‚Ä¶ https://t.co/jvwO1AWPnZ"
1517680162959069185,Miller_Rose_5,Sat Apr 23 01:42:02 +0000 2022,-121.17771,38.8115045,I have an extra VIP for @dgdswanfest if anyone wants to buy it! $100 and it‚Äôs yours! #swanfest
1517680163852410880,iembot_slc,Sat Apr 23 01:42:02 +0000 2022,-111.54702900000001,39.499762000000004,"At 10:17 AM MDT, Elmo [Emery Co, UT] MESONET reports NON-TSTM WND GST of M46 MPH. FLATTOP MOUNTAIN - 6120 FT https://t.co/0oNdLfZ4t8"
1517680164200714247,EdwardGripshov3,Sat Apr 23 01:42:02 +0000 2022,-84.517077,39.0299405,@liltx_cbink Really totally agree
1517680164452380672,MrXclu6ive,Sat Apr 23 01:42:02 +0000 2022,-76.62048200000001,39.284712999999996,Sure do and I like tht thong in ur ass tooüòç
1517680164729233414,sandlotstars,Sat Apr 23 01:42:03 +0000 2022,-74.65934899999999,40.372875,"Northstar baseball picks up a win vs Pemberton 18-8. Jordan Raba, Tyler Dunmeyer, &amp; Gio Davila lead the offense wit‚Ä¶ https://t.co/Uw7r029Gx3"
1517680165886861312,jeffhinkle25,Sat Apr 23 01:42:03 +0000 2022,-87.59027800000001,37.8411945,"@Jenshair1 Well for one, who in the hell would drive 10 hours for a haircut?"
1517680166197096448,rollsroycestars,Sat Apr 23 01:42:03 +0000 2022,-112.12467649999999,33.5528625,I need a good fucking workout to clear my mind
1517680166452875264,HopperRace,Sat Apr 23 01:42:03 +0000 2022,-93.36399850000001,44.742961,@ICHawkeye That‚Äôs a pro move.  Whiteys has the best ice cream!
1517680166419546118,fairy_SKULLZ14,Sat Apr 23 01:42:03 +0000 2022,-87.6356325,41.512319500000004,@916anthony91691 @esglaude How tf did you graduate college üòÇ
1517680167421976576,thomBren15,Sat Apr 23 01:42:03 +0000 2022,-82.18936450000001,28.2320465,"@mollie_don @CommodusJTrump You're lucky your Liberal Brain didn't get sucked out, when you being born, those very‚Ä¶ https://t.co/aBCKbnGbtl"
1517680167757307904,kdkc90,Sat Apr 23 01:42:03 +0000 2022,-122.630908,45.536402,@Come_Oon_Man @Iwasalwaysdrunk @LLaWMaNN @IndyStrange @2020tho @irongrrlrock We not going wallet shaming...But no tampico??
1517680166000115712,lyfeofthaparty,Sat Apr 23 01:42:03 +0000 2022,-77.0143985,38.898602999999994,Damn I love DC. @ExBandAndShow https://t.co/nTvUfHt4B6
1517680167983804416,iembot_slc,Sat Apr 23 01:42:03 +0000 2022,-111.54702900000001,39.499762000000004,"[Delayed Report] On Apr 21, at 8:20 PM MDT, Elwood [Box Elder Co, UT] MESONET reports NON-TSTM WND GST of M42 MPH.‚Ä¶ https://t.co/e1kmLsk9ph"
1517680168130777094,PaulJohnKearins,Sat Apr 23 01:42:03 +0000 2022,-70.19215,42.04374,Just posted a photo @ RELISH Bakery and Sandwich Shop https://t.co/eESewKjTYC
1517680168248217606,GGalaxydoll,Sat Apr 23 01:42:03 +0000 2022,-95.44648649999999,29.838495,FaceTime Shows Available üòãüí¶Message Me
1517680169397350400,StogeyGunnz,Sat Apr 23 01:42:04 +0000 2022,-104.92209349999999,39.713563,"Her pussy so pretty, you wanna put it on camera."
1517680169795866625,susiecutester,Sat Apr 23 01:42:04 +0000 2022,-74.10636600000001,40.6707835,And in the no shit Sherlock category (kudos to Rob Reiner because he‚Äôs awesome) ‚Ä¶
1517680170861277185,Steelerfanrjh,Sat Apr 23 01:42:04 +0000 2022,-81.2831215,28.784184,"@mpyababu @Bradbury1972 Had a cannon, but not real bright"
1517680170072748032,1krislamarr,Sat Apr 23 01:42:04 +0000 2022,-83.099288,42.3527865,Yes I directed &amp; edited this myself.Yes We shot on Monday Yes I edited literally all week to make sure the video‚Ä¶ https://t.co/n0HGnAOdex
1517680170764746752,ForeverMemphis_,Sat Apr 23 01:42:04 +0000 2022,-90.04669200000001,34.948131000000004,@MoneyMan Loyalty https://t.co/6EzMXzWDQ2
1517680172127846405,iembot_slc,Sat Apr 23 01:42:04 +0000 2022,-111.54702900000001,39.499762000000004,"[Delayed Report] On Apr 21, at 8:30 PM MDT, Duchesne [Duchesne Co, UT] MESONET reports NON-TSTM WND GST of M43 MPH.‚Ä¶ https://t.co/bKjNj7fDUK"
1517680171557343232,sdlawm,Sat Apr 23 01:42:04 +0000 2022,-117.156612,32.707325,#hungryformore  game Day ü§éüíõ #velasquezlaw https://t.co/QZdkZYeykx
1517680173067419650,kimfacenda,Sat Apr 23 01:42:05 +0000 2022,-149.868927,61.1909065,What a delicious beer! Yummy - Drinking an Oosik Amber Ale by @MidSunBrewing at @kinleysak  ‚Äî https://t.co/WaXRzO0IFD
1517680173369511936,goon48,Sat Apr 23 01:42:05 +0000 2022,-97.065563,47.907497,Dear #mnwild please re-sign Kevin Fiala.
1517680173549641730,mfpa00,Sat Apr 23 01:42:05 +0000 2022,-121.62892550000001,39.121659,Lmaooo why did the barber add me to his close friends üò≠üò≠üò≠
1517680173935730688,rjcito,Sat Apr 23 01:42:05 +0000 2022,-105.12331950000001,39.685852,One thing about me is I‚Äôm the Beyonc√© of the group.
1517680174921359360,refedorick,Sat Apr 23 01:42:05 +0000 2022,-72.802142,40.86183,@MG_gotstyle @GehlkenNFL @1053thefan Hard to fathom a top salary guy not getting his looks. Nahh he got em but he didn't get open.
1517680174283829248,TylerWeed14,Sat Apr 23 01:42:05 +0000 2022,-91.766469,32.467763500000004,Evenings at the ball field #postyourwork https://t.co/Djrt8RcN2a
1517680176087273473,OrthodoxIslaam,Sat Apr 23 01:42:05 +0000 2022,-104.92209349999999,39.713563,@1MMeducation May Allaah preserve you dear Shaykh @1MMeducation!
1517680176137740288,ChaunMalone,Sat Apr 23 01:42:05 +0000 2022,-97.6841215,30.657512,who drafted that bum üôà
1517680176313774081,iembot_slc,Sat Apr 23 01:42:05 +0000 2022,-111.54702900000001,39.499762000000004,"[Delayed Report] On Apr 21, at 9:30 PM MDT, Myton [Duchesne Co, UT] MESONET reports NON-TSTM WND GST of M43 MPH. US‚Ä¶ https://t.co/JfUiumHyyS"
1517680174019629056,realColeRamey,Sat Apr 23 01:42:05 +0000 2022,-94.7939235,32.1569265,4th KO of the game. Tied 7-7 last out of the inning to get us another at bat. Might be my last K of my HS Freshman‚Ä¶ https://t.co/jivhEKeUP4
1517680177307959297,StephenPifer,Sat Apr 23 01:42:06 +0000 2022,-83.1738665,32.6782075,"Yes!!  Congrats @ryanwatts7_ !!  PROUD OF YOU.  You may not realize it it yet, but the next generation of Tiger dis‚Ä¶ https://t.co/5vVKNDebEW"
1517680177626628096,TyHennyTV1,Sat Apr 23 01:42:06 +0000 2022,-97.75384,31.0793065,CAN A WOMEN RESPECT A BROKE MAN ?  #BlackAdvancement https://t.co/hYWgzfGkKl
1517680177647603713,InfocliffMy,Sat Apr 23 01:42:06 +0000 2022,-88.1613215,41.748496,@dimestorec0wgrl Your https://t.co/Q4L37pRtdm!! https://t.co/4B9X0uZEW5
1517680178318688260,Sikpanzer,Sat Apr 23 01:42:06 +0000 2022,-105.5508905,38.997935999999996,@CptFehleinkauf @SeaOfThieves Everyone apparently. +1 from me!
1517680178675294209,CarlosD_16,Sat Apr 23 01:42:06 +0000 2022,-75.3678305,40.0283595,I'm done watching this team. We bench our second-best outfielder in DLC and we pinch hit for Jazz on a 1-0 game in the 7th. I'm done
1517680179241443330,byers_jv,Sat Apr 23 01:42:06 +0000 2022,-89.53377,34.35467,Hancock pops up to third to end the inning. State got two runs back Pico Kohn will come for the bottom of the 6th down 4-3.
1517680179434381312,LilsG31,Sat Apr 23 01:42:06 +0000 2022,-80.2333285,25.7823535,@christianarana @LatinoCommFdn @WhiteHouse @GeneSperling46 So proud u all! ‚ù§Ô∏è
1517680180109537280,brad_sheppy,Sat Apr 23 01:42:06 +0000 2022,-157.799589,21.3199435,@RatchetWorks At the ridge??
1517680179677593605,JackieJones2261,Sat Apr 23 01:42:06 +0000 2022,-117.1970825,33.688047499999996,@zoeyxsinn is the most talented and beautiful model to ever admire in the industry ‚ù§Ô∏èüíï‚ô•Ô∏èüåéüå±Happy #EarthDay üå±üåé‚ù§Ô∏èüíï‚ô•Ô∏è https://t.co/uqMwHn8nF5
1517680180495454214,iembot_slc,Sat Apr 23 01:42:06 +0000 2022,-111.54702900000001,39.499762000000004,"[Delayed Report] On Apr 21, at 9:40 PM MDT, Salt Lake City [Summit Co, UT] MESONET reports NON-TSTM WND GST of M42‚Ä¶ https://t.co/zTOe4EIg6g"
1517680180889804800,ktbdavis,Sat Apr 23 01:42:06 +0000 2022,-83.8312995,34.3006325,@BaxterWr11 @kristidavis22 Bruh‚Ä¶stop leaving yo mess at my mama‚Äôs house #freetome
1517680180944375808,diamond_thesavg,Sat Apr 23 01:42:06 +0000 2022,-95.355748,29.757051,This game is annoying me üò≠
1517680181334331392,SDApplianceCo,Sat Apr 23 01:42:07 +0000 2022,-117.05097311,32.88847643,Honest &amp; Affordable Appliance repair near #ScrippsRanch https://t.co/Lf721S09s0
1517680181649027078,jennirose77,Sat Apr 23 01:42:07 +0000 2022,-83.56767,35.86927,"Just posted a photo @ Sevierville, Tennessee https://t.co/hO2QM78EWH"
1517680182970093568,_kanayans_,Sat Apr 23 01:42:07 +0000 2022,-120.4232365,34.875403000000006,Why did you have to call my trash ass out? ü•¥
1517680183125311488,terronk,Sat Apr 23 01:42:07 +0000 2022,-122.4359785,37.7706565,@rubinovitz omg.Disney World does $27B in annual gross profit (pre-COVID.)Puts it right between Estonia and Lat‚Ä¶ https://t.co/P6scEf80Bp
1517680183821713410,gourmetpigs,Sat Apr 23 01:42:07 +0000 2022,-97.079654,32.931834,"Update: connecting flight left on time so I missed it. Got put on the next flight, why is now having technical issu‚Ä¶ https://t.co/vjDuiDO3lX"
1517680184140439553,ItsKrisRose,Sat Apr 23 01:42:07 +0000 2022,-79.2725695,43.629311,Then why were they made so tasty?
1517680184283090955,candymorris1777,Sat Apr 23 01:42:07 +0000 2022,-89.0175665,42.2571455,@Loveandsunlight @w_white18 We definitely love him. He loves us too
1517680184664727552,_RobertBrand,Sat Apr 23 01:42:07 +0000 2022,-73.9685415,40.780709,Celebrating visionaries like @cwalkermiller of @EnergyBillSave this #EarthDay. Watch her story at‚Ä¶ https://t.co/mPdyZSvHbY
1517680184685518848,iembot_slc,Sat Apr 23 01:42:07 +0000 2022,-111.54702900000001,39.499762000000004,"[Delayed Report] On Apr 21, at 10:30 PM MDT, Wallsburg [Wasatch Co, UT] MESONET reports NON-TSTM WND GST of M41 MPH‚Ä¶ https://t.co/iIlJxlwgGZ"
1517680185474273281,drjenihott,Sat Apr 23 01:42:08 +0000 2022,-115.149,36.1675,"Just posted a photo @ Las Vegas, Nevada https://t.co/wo4R1dTWQ7"
1517680187638525952,slutt4sosa,Sat Apr 23 01:42:08 +0000 2022,-91.32114,29.6999645,you dont find me twice and that‚Äôs why mfs be so stuck
1517680187869073408,Coyote_Careers,Sat Apr 23 01:42:08 +0000 2022,-87.6297982,41.8781136,"Your first day as a Coyote is the start of a career, not a job. We‚Äôll teach you the ins and outs of our business, o‚Ä¶ https://t.co/FnFK2AvAh0"
1517680188888285184,iembot_slc,Sat Apr 23 01:42:08 +0000 2022,-114.02126000000001,40.7202915,"[Delayed Report] On Apr 21, at 11:56 PM MDT, Wendover [Tooele Co, UT] MESONET reports NON-TSTM WND GST of M47 MPH.‚Ä¶ https://t.co/keGJk9Z1fP"
1517680188842299395,DLDaddy14,Sat Apr 23 01:42:08 +0000 2022,-96.7349005,33.061242500000006,I want to eat that üçë ü§§ü§§ü§§ü§§ü§§ü§§ü§§
1517680190566154241,BillyBangEra,Sat Apr 23 01:42:09 +0000 2022,-70.9963275,42.4192015,@Bencharmanart @garyvee So cool
1517680190956179459,TopShelfBillion,Sat Apr 23 01:42:09 +0000 2022,-83.1738665,32.6782075,Dog breeding is only positioning me there‚Äôs more
1517680190863945728,Buck_SBLiveOkla,Sat Apr 23 01:42:09 +0000 2022,-94.370308,35.3572525,Oh happy day..... https://t.co/H4cmY5zkJg
1517680191513919488,tallmanke,Sat Apr 23 01:42:09 +0000 2022,-119.7824645,36.786041999999995,"someone quick, ask Bob how happy he is lent is over and I‚Äôm online shopping again https://t.co/JGzi59AqJI"
1517680193040568320,iembot_slc,Sat Apr 23 01:42:09 +0000 2022,-111.54702900000001,39.499762000000004,"[Delayed Report] On Apr 22, at 12:07 AM MDT, Randolph [Cache Co, UT] MESONET reports NON-TSTM WND GST of M43 MPH. R‚Ä¶ https://t.co/vE6kgQeRW4"
1517680193044766720,voiceofactvist,Sat Apr 23 01:42:09 +0000 2022,-100.0,40.0,Just posted a photo @ United States https://t.co/DPQAK3krfq
1517680194672283649,Ben_Parsons3,Sat Apr 23 01:42:10 +0000 2022,-79.42086499999999,38.003375500000004,I will be attending the VMI Junior day tomorrow!! @CoachBParker17 @VMI_Football @CoachSWach https://t.co/ChsjaKVkCH
1517680196450627586,GordoBsb,Sat Apr 23 01:42:10 +0000 2022,-87.906212,33.323891,üï∏üíé from @crankbait121 to end it. https://t.co/RxC1gnrvio
1517680197234925568,iembot_slc,Sat Apr 23 01:42:10 +0000 2022,-111.54702900000001,39.499762000000004,"[Delayed Report] On Apr 22, at 12:50 AM MDT, Jordanelle [Wasatch Co, UT] MESONET reports NON-TSTM WND GST of M52 MP‚Ä¶ https://t.co/UCNYcGRfWV"
1517680199038652416,kaykay0715,Sat Apr 23 01:42:11 +0000 2022,-93.434323,44.723144500000004,@zekewill1980 I thought the curse would‚Äôve broken yesterday oh well
1517680200103776258,jfksteelie,Sat Apr 23 01:42:11 +0000 2022,-124.144682,40.5833485,@disrespectfula5 Thanks
1517680200200466433,dukecoulard,Sat Apr 23 01:42:11 +0000 2022,-105.11221649999999,40.1659305,Here we go @ATLHawks!!!
1517680201223880704,yelichfans,Sat Apr 23 01:42:11 +0000 2022,-87.883405,42.589265499999996,If Devin Williams comes into the 8th I might puke
1517680201190330368,tygercast,Sat Apr 23 01:42:11 +0000 2022,-81.705467,41.495939500000006,Yehaw!
1517680201425047552,iembot_slc,Sat Apr 23 01:42:11 +0000 2022,-111.54702900000001,39.499762000000004,"[Delayed Report] On Apr 22, at 1:05 AM MDT, Wendover [Tooele Co, UT] MESONET reports NON-TSTM WND GST of M44 MPH. W‚Ä¶ https://t.co/f4mp8XroQY"
1517680202532409348,francodenari,Sat Apr 23 01:42:12 +0000 2022,-93.6063695,41.5764375,Invest in yourself first @ValaAfshar
1517680202708619270,harpua226,Sat Apr 23 01:42:12 +0000 2022,-73.8311875,40.6708795,@BalliettBrad Wow! Amazing video.
1517680203589242880,RodgersyDodgers,Sat Apr 23 01:42:12 +0000 2022,-119.827182,39.512436,@SagED_UP The #goat every time https://t.co/dj2clMH5E0
1517680204025630720,slindyruff,Sat Apr 23 01:42:12 +0000 2022,-90.011008,29.982601,Security for this playoff game is allowing us to bring our outside beer inside while actively patrolling the area w‚Ä¶ https://t.co/KFKzqdZSxf
1517680204302323714,SourSportsLivie,Sat Apr 23 01:42:12 +0000 2022,-122.27952149999999,37.8758455,"Now that I know why Olivia cried, I AM 100% PAYING ATTENTION TO CAL VS UCLA BASEBALL AGAIN :)"
1517680204487053320,old_mad_ass,Sat Apr 23 01:42:12 +0000 2022,-73.554097,41.0983345,@cx4lm @ashraf_alhinai @baderofsky91 Answer a question.https://t.co/h4dXod0Z7F
1517680204856147969,Christi58089401,Sat Apr 23 01:42:12 +0000 2022,-79.861034,35.1704985,"@Duck2Lightning I understand that feeling. Rheumatoid arthritis makes my feet, hands and neck hurt so bad I could s‚Ä¶ https://t.co/7oIgNW8WRQ"
1517680204759678976,JoeShow68347212,Sat Apr 23 01:42:12 +0000 2022,-71.02134,42.256124,@DonaldJTrumpJr @JDVance1 @TuckerCarlson ‚öñÔ∏èAlternate Supreme Justice:Power‚ùåDuties. Learns maybe? Consulting opini‚Ä¶ https://t.co/K54ucw6LHU
1517680205095182337,countyroadswv,Sat Apr 23 01:42:12 +0000 2022,-81.01477600000001,34.915568500000006,‚ù§Ô∏è We think so too. That was a great game. Neither team had a lead higher than 5. Back and forth! We appreciate you‚Ä¶ https://t.co/VRrKLVAKMt
1517680205560750081,EneidaTirado1,Sat Apr 23 01:42:12 +0000 2022,-73.9685415,40.780709,@sadsagitario You don't even know what it is.  Learn history then give an informed opinion.
1517680205610962944,iembot_slc,Sat Apr 23 01:42:12 +0000 2022,-114.02126000000001,40.7202915,"[Delayed Report] On Apr 22, at 1:10 AM MDT, Wendover [Tooele Co, UT] MESONET reports NON-TSTM WND GST of M45 MPH. I‚Ä¶ https://t.co/n1SZIgPyzV"
1517680206059765760,KTSWSports,Sat Apr 23 01:42:12 +0000 2022,-97.928253,29.88723,End 8#TXST 3 | 1 #ULR Cameron Gibbons strikes out swinging. Three outs to go.#TXST‚öæ | #KTSWüìª | #EatEmUpüòº
1517680206068154368,CryptoPancake3,Sat Apr 23 01:42:12 +0000 2022,-112.12467649999999,33.5528625,@lisajkalma It‚Äôs the most amazing feeling when you see others appreciating the art you‚Äôve created them üòåüéâüôåüèª
1517680207225888769,clwdaniel,Sat Apr 23 01:42:13 +0000 2022,-85.9785995,35.8305215,Wow. Just wow. I guess we see where our elected officials values lie. #FollowTheMoney @GovBillLee https://t.co/IbcYlKOfWG
1517680207834103809,SydneyMGKDriver,Sat Apr 23 01:42:13 +0000 2022,-79.6748465,44.371263,I dont wanna say goodbye cuz this one means forever.. now you're in the stars &amp; 6 feets never felt so far https://t.co/Wivvk441x9
1517680208840728576,tdiddyhamm,Sat Apr 23 01:42:13 +0000 2022,-85.3805405,39.9326065,What does Rick Ross know about the Clintons to need that kind of protection?!
1517680209008472064,coachjakeoldham,Sat Apr 23 01:42:13 +0000 2022,-84.76301000000001,33.3799165,Could not be more proud of this team. Amazing result to end an amazing season.
1517680209809477633,iembot_slc,Sat Apr 23 01:42:13 +0000 2022,-111.67178899999999,40.2486455,"[Delayed Report] On Apr 22, at 1:56 AM MDT, Provo [Utah Co, UT] MESONET reports NON-TSTM WND GST of M48 MPH. PROVO‚Ä¶ https://t.co/vk7XlFjsoX"
1517680210044461056,Kamgirl28,Sat Apr 23 01:42:13 +0000 2022,-73.8494415,40.8503475,Kaylah‚Ä¶ enough is enough cut the dead weight ‚Ä¶ Martel‚Ä¶#LoveAfterLockup #luvafterlockup https://t.co/2JSDuV3amh
1517680210967158784,bsakes,Sat Apr 23 01:42:14 +0000 2022,-81.4450205,41.313074,@Moon_Man_Mac @VanHalen Aont Talkin Bout Love followed by You Really Got Me
1517680210543448065,A2ZSportsMedia,Sat Apr 23 01:42:13 +0000 2022,-100.0768885,31.1688935,@colby_diaz9 gets out of bases loaded to keep 2-0 lead for @rouse_baseball over Gtown @FlxAtx bottom of 5th https://t.co/Jks4FebfRB
1517680211311087617,RonnieB1219,Sat Apr 23 01:42:14 +0000 2022,-75.77004099999999,42.746617,@KAYDE1030 Yes...indeed it is
1517680211663458307,JINandKAI,Sat Apr 23 01:42:14 +0000 2022,-118.3966165,34.0217974,Just posted a photo @ Cafe Vida - Culver City https://t.co/sFp7esZ1QN
1517680212708048896,TiredAz,Sat Apr 23 01:42:14 +0000 2022,-112.12467649999999,33.5528625,@ArizonaCrusader No way!
1517680213294997505,AakashRaut,Sat Apr 23 01:42:14 +0000 2022,-89.6596895,39.774345999999994,@JeremyDBoreing @cabot_phillips This is the first time I‚Äôve heard (seen!) this perspective.
1517680213433462787,aliyahdanyelle,Sat Apr 23 01:42:14 +0000 2022,-86.791549,36.200008,@Myajordanr okay EXACTLY
1517680213995384832,iembot_slc,Sat Apr 23 01:42:14 +0000 2022,-111.54702900000001,39.499762000000004,"[Delayed Report] On Apr 22, at 3:10 AM MDT, Newhouse [Millard Co, UT] MESONET reports NON-TSTM WND GST of M44 MPH.‚Ä¶ https://t.co/LdmhvSrzCZ"
1517680213974470656,SpidleDale,Sat Apr 23 01:42:14 +0000 2022,-81.728982,24.563325,@NFTupdate üì∏üì∏ some shots from Miami and Florida Keys !! ‚òÄÔ∏èüå¥ https://t.co/a9bjNRXZpX
1517680215748759555,srs_usa,Sat Apr 23 01:42:15 +0000 2022,-86.199704,36.74762,@dbongino Thank you for all you do !!!!!!Love the podcast  !!
1517680216008798211,AdamdotH,Sat Apr 23 01:42:15 +0000 2022,-90.938411,30.582905500000003,@merryjoiner Chief resistance officer Ronnie Rantz
1517680215950036993,rrredmond105,Sat Apr 23 01:42:15 +0000 2022,-83.804475,27.698681999999998,@rcwhalen Why would an originator sell 5.5s and 6s when 4.5s are above par ?  How would they deliver those securiti‚Ä¶ https://t.co/viwB9HsFte
1517680217149657092,BooksKidsCoffee,Sat Apr 23 01:42:15 +0000 2022,-84.917307,32.4823035,@athenaeumapril Yes!!! Sometimes the age recommendations can be so confusing.
1517680218206400513,iembot_slc,Sat Apr 23 01:42:15 +0000 2022,-111.54702900000001,39.499762000000004,"[Delayed Report] On Apr 22, at 4:30 AM MDT, Duchesne [Duchesne Co, UT] MESONET reports NON-TSTM WND GST of M41 MPH.‚Ä¶ https://t.co/UsYxD8o5Ib"
1517680218726490113,chreest0,Sat Apr 23 01:42:15 +0000 2022,-119.7824645,36.786041999999995,2 screens 4 playoffs. #NBA75 https://t.co/ULHWKLiyv2
1517680219083223041,JustinLcooke,Sat Apr 23 01:42:16 +0000 2022,-79.861034,35.1704985,@TuckerBlanc Did he touch 2B ü§î
1517680219368394752,SheriSm32768722,Sat Apr 23 01:42:16 +0000 2022,-82.66398899999999,30.182768,Republicans knew. Americans would. Get sick and die. From Coronavirus
1517680219234406406,KatmaiKeith,Sat Apr 23 01:42:16 +0000 2022,-81.29165950000001,29.017060999999998,@DempMcgee Dudes don‚Äôt drink and shoot
1517680221385678849,Michsteer,Sat Apr 23 01:42:16 +0000 2022,-117.7063095,33.529449,"@lyssasphere I think that being president is a very hard job, whether you‚Äôre a Trump or a Biden!I wouldn‚Äôt like to‚Ä¶ https://t.co/VFBt9llN8j"
1517680222400696325,iembot_slc,Sat Apr 23 01:42:16 +0000 2022,-111.54702900000001,39.499762000000004,"At 8:20 AM MDT, Lake Point [Box Elder Co, UT] MESONET reports NON-TSTM WND GST of M46 MPH. LAKESIDE MOUNTAIN - 5039‚Ä¶ https://t.co/EDyM388B0G"
1517680223613067264,ahmedomar13x,Sat Apr 23 01:42:17 +0000 2022,-94.1849135,45.5307205,@KingJames shut up nicca
1517680224791666688,_getlikemark,Sat Apr 23 01:42:17 +0000 2022,-96.9596635,32.595264,Me and @KBZO_ were just talking about this yesterday! üíÄüíÄ
1517680225039044609,MJBurroughs,Sat Apr 23 01:42:17 +0000 2022,-75.60057599999999,38.3604215,"@SwiftRacer13 They were indeed 99 cents, no Ollie‚Äôs discount on these oddly enough."
1517680226083422209,UmeniynoraDaII,Sat Apr 23 01:42:17 +0000 2022,-97.754724,30.323345500000002,Who styled her ?
1517680226217639937,annawhittylock,Sat Apr 23 01:42:17 +0000 2022,-84.433106,33.7671945,everybody is everyone -camilla
1517680226590855168,iembot_slc,Sat Apr 23 01:42:17 +0000 2022,-111.54702900000001,39.499762000000004,"At 11:40 AM MDT, Fountain Green [Sevier Co, UT] MESONET reports NON-TSTM WND GST of M45 MPH. I-70 AT FISH CREEK - 6‚Ä¶ https://t.co/kFOMj7PviB"
1517680227316641793,1krislamarr,Sat Apr 23 01:42:17 +0000 2022,-83.099288,42.3527865,A woman üíØ
1517680228851671045,readsthepapers,Sat Apr 23 01:42:18 +0000 2022,-73.9685415,40.780709,@RobinofJesus Lol Robin
1517680229988417537,SonofAVet82,Sat Apr 23 01:42:18 +0000 2022,-81.8409045,41.1525105,Some of the responses to Lacey‚Äôs story make me so angry. Some of you don‚Äôt give a damn bout superstars lives you ju‚Ä¶ https://t.co/D0q1GjTrbT
1517680230789378049,iembot_slc,Sat Apr 23 01:42:18 +0000 2022,-111.54702900000001,39.499762000000004,"At 2:42 PM MDT, Rosette [Box Elder Co, UT] MESONET reports NON-TSTM WND GST of M41 MPH. ROSEBUD - 4987 FT https://t.co/r1dICYLmS9"
1517680233846956034,iembot_fsd,Sat Apr 23 01:42:19 +0000 2022,-100.247165,44.2125075,"At 8:06 PM CDT, 4 E Wessington [Beadle Co, SD] TRAINED SPOTTER reports HAIL of 0.70 INCH https://t.co/gRCJ3adMx0"
1517680234421624832,cathiebun,Sat Apr 23 01:42:19 +0000 2022,-117.0226945,38.502147,@MyNameIsCat2021 Tomorrow is da furst leg ov da baseball park fly over!! Ise habs it all reddy!
1517680235013197827,JimButzlaff,Sat Apr 23 01:42:19 +0000 2022,-92.13127399999999,34.7519365,@tedcruz Out of the liberal weekly handbook!
1517680235113852928,DamnPOPS,Sat Apr 23 01:42:19 +0000 2022,-73.9487755,40.655138,@_heyyymscarter I didn't wanna burst your bubble
1517680235042381824,iembot_slc,Sat Apr 23 01:42:19 +0000 2022,-111.54702900000001,39.499762000000004,"At 4:05 PM MDT, Dugway [Tooele Co, UT] MESONET reports NON-TSTM WND GST of M40 MPH. DITTO - 4345 FT https://t.co/oowARFK4S4"
1517680236057427969,DrCh0le,Sat Apr 23 01:42:20 +0000 2022,-116.238001,43.598033,@serraedoardo @JanetLayne @ComputingPhD @BoiseStateCOEN @boisestatecs Congrats to Janet!
1517680236208525312,DavidYeater,Sat Apr 23 01:42:20 +0000 2022,-80.933981,39.603701,@MotherCluckyou I have to wash side by side and get new tires too.  Then back to turkey time on Sunday.
1517680236627906561,Sosa_migo59,Sat Apr 23 01:42:20 +0000 2022,-84.52540300000001,39.2856785,@AaronKelley34 Lol it‚Äôs playoffs real basketball now
1517680236997095427,DMHaselden3,Sat Apr 23 01:42:20 +0000 2022,-80.926628,33.6311395,@marceelias Woof!
1517680237328355329,AJM94x,Sat Apr 23 01:42:20 +0000 2022,-78.85356300000001,42.896229500000004,@ProWFinesse Agreed
1517680239186309120,iembot_slc,Sat Apr 23 01:42:20 +0000 2022,-111.54702900000001,39.499762000000004,"At 4:15 PM MDT, Saline [Box Elder Co, UT] MESONET reports NON-TSTM WND GST of M43 MPH. PROMONTORY POINT - 6926 FT https://t.co/H5JPFkYEa5"
1517680239417167872,VrikaWolf,Sat Apr 23 01:42:20 +0000 2022,-82.43531999999999,27.289832500000003,@kris417 @ThisIsLLBoston @MeidasTouch Florduh. 43rd in education and striving for 51st.
1517680239639359488,NickBagExel,Sat Apr 23 01:42:20 +0000 2022,-115.223125,36.232915,Kyrie of tenants
1517680240482430976,StealingYumi,Sat Apr 23 01:42:21 +0000 2022,-149.7587945,61.2350425,I've built the unhealthy habit of picking hair out of stress
1517680240931196934,iembot_ama,Sat Apr 23 01:42:21 +0000 2022,-100.0768885,31.1688935,"At 8:18 PM CDT, 2 SW Spearman [Hansford Co, TX] STORM CHASER reports HAIL of penny size (E0.75 INCH) https://t.co/A5WGjplClk"
1517680240931209217,iembot_ama,Sat Apr 23 01:42:21 +0000 2022,-100.0768885,31.1688935,"At 8:22 PM CDT, 4 SSW Spearman [Hansford Co, TX] STORM CHASER reports HAIL of egg size (E2.00 INCH) https://t.co/gEWrpenv9g"
1517680241170255872,iembot_abq,Sat Apr 23 01:42:21 +0000 2022,-106.36063050000001,35.528697,"At 5:30 PM MDT, Kewa Pueblo [Sandoval Co, NM] PUBLIC reports DUST STORM. ESTIMATED VISIBILITY BETWEEN 1/4 AND 1/2 M‚Ä¶ https://t.co/tNCk76CTHc"
1517680242202234880,BluSprklZ,Sat Apr 23 01:42:21 +0000 2022,-80.926628,33.6311395,Girl what üò≠üò≠üò≠üò≠üò≠üò≠üò≠üò≠
1517680242445496320,timdennis0U812,Sat Apr 23 01:42:21 +0000 2022,-90.3152575,38.505016999999995,@sky1955 @elonmusk You sure it isn‚Äôt snacks?
1517680243405987841,smontifiore,Sat Apr 23 01:42:21 +0000 2022,-80.13296249999999,25.816965500000002,@RSBNetwork @RepMTG Who of any intelligence would believe anything out of her mouth
1517680243355439105,iembot_slc,Sat Apr 23 01:42:21 +0000 2022,-111.6964685,40.2951135,"At 5:30 PM MDT, Lindon [Utah Co, UT] MESONET reports NON-TSTM WND GST of M45 MPH. I-15 AT OREM - 4650 FT https://t.co/hscARNWzg1"
1517680243636641795,brookecain,Sat Apr 23 01:42:21 +0000 2022,-78.657837,35.8439815,@JuliainRaleigh I miss that place
1517680243137335296,BayleyPamBayley,Sat Apr 23 01:42:21 +0000 2022,-121.8737305,37.331159,@itsBayleyWWE Then you know what you have to do üòà https://t.co/9Dxr1YLjSe
1517680244995641344,Salutemeimrina_,Sat Apr 23 01:42:22 +0000 2022,-95.44648649999999,29.838495,Join me in my Space! https://t.co/fWtPudTOT5
1517680246220283904,Iconoclassic3,Sat Apr 23 01:42:22 +0000 2022,-83.804475,27.698681999999998,@TheLeoTerrell You could bore each other to death!
1517680246316797953,TheRealPhoenixW,Sat Apr 23 01:42:22 +0000 2022,-90.37352150000001,40.943124999999995,@linksmistress16 Honestly? I force myself to get out of bed and just sit outside for a few minutes (in my car if it‚Ä¶ https://t.co/dPgKqQfRHK
1517680246354444288,selenarainxxx,Sat Apr 23 01:42:22 +0000 2022,-115.223125,36.232915,Y‚Äôall remember all my tweets about my DS neighbor? Well I think they have OFFICIALLY moved out üî•üòòüôå‚Ä¶their apartment‚Ä¶ https://t.co/q2d1LCnztG
1517680245771485186,chasellane,Sat Apr 23 01:42:22 +0000 2022,-96.29164850000001,30.585471499999997,First baseball game here üî•ü§üüèæ where y‚Äôall at?? https://t.co/5aCnL0YS4Q
1517680245553471488,THigh_baseball,Sat Apr 23 01:42:22 +0000 2022,-94.989951,33.177083,HUGE rbi double down the RF Line by Freshman Jacob Yowell to score Sawyer Pritchard‚Ä¶and tie the game at 3 in the 6t‚Ä¶ https://t.co/0QpjLtf0VJ
1517680247281524742,TuddleOnRadio,Sat Apr 23 01:42:22 +0000 2022,-81.29165950000001,29.017060999999998,@SportsCenter Should have stayed in Miami #HEATCulture
1517680247566598144,iembot_slc,Sat Apr 23 01:42:22 +0000 2022,-111.54702900000001,39.499762000000004,"At 3:42 PM MDT, Brighton [Salt Lake Co, UT] TRAINED SPOTTER reports SNOW of 5.00 INCH. BRIGHTON CREST - 9500 FT https://t.co/rYi1GpFy4h"
1517680247268859907,ROGComplete,Sat Apr 23 01:42:22 +0000 2022,-121.2312697,38.7912655,Do you know someone looking for a great #property in #Rocklin?   #realestate https://t.co/9jatehPURn https://t.co/oKRQk35jHS
1517680247579332616,OleWimboo,Sat Apr 23 01:42:22 +0000 2022,-83.804475,27.698681999999998,@cris_co6 @TimTebow @GatorCollective Not sure if that‚Äôs a yes or no https://t.co/FS8mmjqEWp
1517680248686489601,Melooley,Sat Apr 23 01:42:23 +0000 2022,-104.70104549999999,38.866281,@coolstory__jo @imontherunyall @chuckoobydoo @TFDark @justsumsexygirl Florida has ‚ÄúFlorida Math‚Äù now.
1517680251744047104,iembot_slc,Sat Apr 23 01:42:23 +0000 2022,-111.54702900000001,39.499762000000004,"At 4:07 PM MDT, Alta [Salt Lake Co, UT] MESONET reports SNOW of 5.00 INCH. ALTA - COLLINS - 9662 FT https://t.co/zdgFLEWyfS"
1517680252029313024,mjrxoxox,Sat Apr 23 01:42:23 +0000 2022,-118.125196,34.583629,@medinaxale I‚Äôm dead üòÇ
1517680252084015104,LibertyAndFree4,Sat Apr 23 01:42:23 +0000 2022,-80.13296249999999,25.816965500000002,@mikepompeo You are so fuc*ing cynical and hypocrite when you supported Trump‚Äôs assault on our Constitution and dem‚Ä¶ https://t.co/AVdA8xWYEb
1517680252654440448,_BookofMatthew_,Sat Apr 23 01:42:24 +0000 2022,-81.6314405,41.3857725,üòÇüòÇüòÇüòÇ chill
1517680254671679488,StogeyGunnz,Sat Apr 23 01:42:24 +0000 2022,-104.92209349999999,39.713563,This the one.
1517680254843764737,AbstractBravo,Sat Apr 23 01:42:24 +0000 2022,-94.5592815,39.1000485,@Chiefsfan082 S/O to Rakim.  The God MC
1517680255871426560,jeffkahrs,Sat Apr 23 01:42:24 +0000 2022,-81.152424,33.978216,@Gamecocks3000 His stuff normally is
1517680255959388160,iembot_slc,Sat Apr 23 01:42:24 +0000 2022,-111.54702900000001,39.499762000000004,"At 4:11 PM MDT, Brighton [Salt Lake Co, UT] TRAINED SPOTTER reports SNOW of 3.00 INCH. SOLITUDE - 8200 FT https://t.co/73mZD2GKKY"
1517680256345387010,TRUSDR09,Sat Apr 23 01:42:24 +0000 2022,-73.8311875,40.6708795,@kelthecelt @NylaRoseBeast Not at all
1517680256575934464,Kaiosama_King,Sat Apr 23 01:42:24 +0000 2022,-121.294241,37.821569,@Showtime650 I got 7 brother ahaha she‚Äôs my biggest at 18 feet
1517680255720464387,HunterSmithTV,Sat Apr 23 01:42:24 +0000 2022,-100.0768885,31.1688935,Bobcat baseball in action tonight. Celina taking on Van Alstyne.@CBobcatBaseball @VAHSpanther https://t.co/c675sN1ODS
1517680256592879620,r3albeater,Sat Apr 23 01:42:24 +0000 2022,-84.433106,33.7671945,we‚Äôre good with delon bogi and okongwu on the floor who would‚Äôve thought
1517680257121275904,zneezy12,Sat Apr 23 01:42:25 +0000 2022,-96.8917385,33.079014,"If she ain‚Äôt bad, she ain‚Äôt my type at all"
1517680257410736130,ftlpaul8,Sat Apr 23 01:42:25 +0000 2022,-80.1491725,26.150368,ü§£ü§£ü§£ Susan Collins is a fool too.
1517680259121954817,ghercroft2,Sat Apr 23 01:42:25 +0000 2022,-77.35172299999999,38.8632755,"@And_SoSheDid I took one chair, and personal framed pictures and stuff like that. No beds, sheets, linens, towels,‚Ä¶ https://t.co/PSGmcWfNUn"
1517680258761347077,USJBaseball,Sat Apr 23 01:42:25 +0000 2022,-88.884007,35.709393,"FINAL: USJ 6, ECS 5. @berk_pettigrew earns the win with 4 scoreless innings of relief. Bruins offense by committee,‚Ä¶ https://t.co/K632RDyDRe"
1517680260229312512,lawson_jordy,Sat Apr 23 01:42:25 +0000 2022,-86.50428400000001,39.763665,"@Ironhorse76 Well, there‚Äôs no accounting for taste"
1517680260145246208,iembot_slc,Sat Apr 23 01:42:25 +0000 2022,-111.54702900000001,39.499762000000004,"At 4:19 PM MDT, Alta [Salt Lake Co, UT] TRAINED SPOTTER reports SNOW of 5.00 INCH. SNOWBIRD - 8100 FT https://t.co/jI68LfAKB6"
1517680260321447936,EvanDalka,Sat Apr 23 01:42:25 +0000 2022,-118.3512175,33.8337145,@GeorgeTakei Your name should be Commie Takei üí© Perfect for a Democrat party member supporting child sex predators. https://t.co/iDNM0CiPSd
1517680260812132355,AalandDale,Sat Apr 23 01:42:25 +0000 2022,-118.1567105,33.809171500000005,"@blonde_opinion The imaginary brake pedal on the passenger side, because I'm not letting you Thelma and Louise me."
1517680264339542016,iembot_slc,Sat Apr 23 01:42:26 +0000 2022,-111.54702900000001,39.499762000000004,"At 4:20 PM MDT, Brighton [Salt Lake Co, UT] TRAINED SPOTTER reports SNOW of 1.00 INCH. BIG COTTONWOOD SPRUCES - 740‚Ä¶ https://t.co/LnHdBr1ZSJ"
1517680265459421185,TGirlsnyc,Sat Apr 23 01:42:27 +0000 2022,-73.99124,40.75944,NYC Transgirls Party returns #fridaysntc #tgirlsnyc #sandymichellenyc @ The Brazen Tavern https://t.co/riochl8vea
1517680266428522498,JWLevitt,Sat Apr 23 01:42:27 +0000 2022,-97.754724,30.323345500000002,@LindsayKnake Philly is great!
1517680267762221058,MarquesEversoll,Sat Apr 23 01:42:27 +0000 2022,-93.068358,45.057412,@RyanWingFOX11 That is perfectly fair‚Ä¶ BUT https://t.co/I4EjalTkKJ
1517680268517150720,iembot_slc,Sat Apr 23 01:42:27 +0000 2022,-111.54702900000001,39.499762000000004,"At 4:41 PM MDT, Alta [Salt Lake Co, UT] TRAINED SPOTTER reports SNOW of 6.00 INCH. ALTA UDOT - 8799 FT https://t.co/dmR8Yru6xy"
1517680268798271488,megthewurm,Sat Apr 23 01:42:27 +0000 2022,-115.474,40.6916,happy earth day üåé #nofilter @ Lamoille Canyon https://t.co/OzfyU14Dxb
1517680269351952386,CrumbleBumbles,Sat Apr 23 01:42:28 +0000 2022,-98.5406515,29.417501,@nerdrockjosh Oh it gets way worse
1517680269876105216,Prettydivacc,Sat Apr 23 01:42:28 +0000 2022,-118.4119065,34.0207895,@boojieshay Nars &amp; estee lauder double wear! Concealer i use tarte.
1517680269003980802,jakehilll3,Sat Apr 23 01:42:27 +0000 2022,-111.652229,33.23077,had the opportunity to meet BYU legend @TyDetmer14 tonight and run practice at his facilities. @rakoto10 @byulamb‚Ä¶ https://t.co/pSL2N6gyuG
1517680270480191489,CoolWhip3343,Sat Apr 23 01:42:28 +0000 2022,-83.804475,27.698681999999998,Holy crap!!! That's a crappy deal.
1517680270811488262,OklahomieSooner,Sat Apr 23 01:42:28 +0000 2022,-86.4564905,30.398178,Serious question.. Does anybody know if Marcus Dupree will be there tomorrow? Is he coming home?
1517680269272125440,TeamFullGorilla,Sat Apr 23 01:42:27 +0000 2022,-111.85839849999999,33.639340000000004,"They say that ‚ùÑÔ∏è in the desert is almost as rare as @TeamFullGorilla athletes, well I think they brought a little b‚Ä¶ https://t.co/3ULvPsHlYc"
1517680272149463041,MsTiaSophia,Sat Apr 23 01:42:28 +0000 2022,-81.705467,41.495939500000006,This ump is all over the place with these calls. All fucking game.#ForTheLand
1517680272170528769,DNatosi,Sat Apr 23 01:42:28 +0000 2022,-79.861034,35.1704985,@jonbaltz Lol nice reference
1517680272371863552,CompagniJoe,Sat Apr 23 01:42:28 +0000 2022,-73.9931765,40.400737,@toddbrggs @TylerZawatski1 @EmmaZawatski @zach_zawatski @njmilesplit Truly great to hear. What a story.
1517680272598355968,GedawnGedonny,Sat Apr 23 01:42:28 +0000 2022,-82.985772,39.9946835,@TIDAL  the shits hilarious  nothing crazy about I play a trick tweet I‚Äôm here there etc I‚Äôm in New York City I pla‚Ä¶ https://t.co/vc40RCGqy6
1517680272157941762,treyruiz13,Sat Apr 23 01:42:28 +0000 2022,-88.16155549999999,30.683649,Had a amazing time at the Bellhaven University @HaylonLadner2 @dr1ppzy_plays @CoachTWach #bellhaven https://t.co/00dAyHVge6
1517680273005154304,TamiraBenitez,Sat Apr 23 01:42:28 +0000 2022,-77.0143985,38.898602999999994,@GordonByBike @CMLewisGeorgeW4 Thank you üòä I‚Äôll see you around üö¥üèæ
1517680272388632577,AteezNj,Sat Apr 23 01:42:28 +0000 2022,-75.117998,40.0048655,Hello this is regarding the event that was set to take place tomorrow (Saturday April 23) :Do to issues with how‚Ä¶ https://t.co/KRYjkiPeVA
1517680273592360966,renzot1954,Sat Apr 23 01:42:29 +0000 2022,-82.74685099999999,28.085863500000002,@SnarkQueenBee Convinced. Not conceited
1517680274590646273,apooh9,Sat Apr 23 01:42:29 +0000 2022,-80.08421200000001,26.6170285,@nathaliejacoby1 The one I‚Äôm in floriduh. But I‚Äôm stuck for now
1517680274972327936,TheSydneyA,Sat Apr 23 01:42:29 +0000 2022,-83.1738665,32.6782075,LONG LIVE THE KING OF MEMPHIS TN üê¨üê¨üê¨üê¨üê¨üê¨üê¨üê¨üê¨üê¨üê¨üê¨üê¨üê¨üê¨üê¨üê¨üê¨üê¨üê¨üê¨üê¨üê¨üê¨üê¨üê¨
1517680275060318210,AteezNj,Sat Apr 23 01:42:29 +0000 2022,-75.117998,40.0048655,Atiny who donated if you can not make the event on the new date you do have the option to get it shipped to you whe‚Ä¶ https://t.co/g5vZwyujja
1517680275760857091,AteezNj,Sat Apr 23 01:42:29 +0000 2022,-75.117998,40.0048655,We hope you can all make it to the new date and we are sorry for the late inconvenience that we have brought to you‚Ä¶ https://t.co/txqLFZiQJl
1517680276012343302,StrawHatYakub,Sat Apr 23 01:42:29 +0000 2022,-117.104989,32.810012,@OccupyDemocrats lmao why for this? this account blows LMAOOO
1517680276528377856,RaysWhiteBoard,Sat Apr 23 01:42:29 +0000 2022,-82.653365,27.768137,@Brett_Phillips8 would have had that.
1517680278038319110,STU_07,Sat Apr 23 01:42:30 +0000 2022,-90.24782400000001,38.653771,"He said for his career not the lakers , He finna join the warriors."
1517680278495498240,francodenari,Sat Apr 23 01:42:30 +0000 2022,-93.6063695,41.5764375,@ValaAfshar Always invest in yourself first @ValaAfshar
1517680280148103169,rayjanluly,Sat Apr 23 01:42:30 +0000 2022,-74.22274250000001,40.876077,"c‚Äômon now, where‚Äôs that one tweet that says ‚Äúi didn‚Äôt even watch but willow pill!‚Äù #DragRace"
1517680281347665925,alecsoul__,Sat Apr 23 01:42:30 +0000 2022,-98.5406515,29.417501,@softwhiite but ross extended their hrs to midnight like damn I really need these polo assn denims this late lol
1517680281490141185,dazzzle666,Sat Apr 23 01:42:30 +0000 2022,-115.208682,36.117129,At Boiling Crab with my family eating chicken fingers &amp; fries ‚Ä¶. Prison hennyyyy
1517680282102648834,NoahGG01,Sat Apr 23 01:42:31 +0000 2022,-85.4915405,32.597245,FINAL: Auburn 6 - South Carolina 3Burkhalter sets down three straight to clinch game one for Auburn.
1517680283084021763,toddgrooten,Sat Apr 23 01:42:31 +0000 2022,-86.1429225,39.7795625,was hoping to say something profound before bed but I ate a fiber bar instead
1517680283067236354,_paymytab,Sat Apr 23 01:42:31 +0000 2022,-84.541562,33.588263,"I‚Äôm working on so many things right now. Normally, I would feel overwhelmed but strangely, I feel at peace. Show me how good it can get ü´∂üèæüôèüèæ"
1517680283075563521,rhturf720,Sat Apr 23 01:42:31 +0000 2022,-105.5508905,38.997935999999996,Anyone in Denver metro with seed germination yet? Im waiting patiently but nothing. This weather can pack sand...
1517680283113472001,TimwittedGenius,Sat Apr 23 01:42:31 +0000 2022,-70.938921,41.668285999999995,Got weed out the weak bloodlines some how?
1517680283784343552,diamond_thesavg,Sat Apr 23 01:42:31 +0000 2022,-95.44648649999999,29.838495,I look so cute but the pictures ain‚Äôt it üò≠üò´
1517680283864162307,CajunMallard,Sat Apr 23 01:42:31 +0000 2022,-90.945734,30.2850505,@annatheenigma Good Stuff
1517680284032028672,reallordjstar,Sat Apr 23 01:42:31 +0000 2022,-84.772176,43.593852999999996,"@Break111710 Heck, give me all of them! See those 21s? Damn!"
1517680285722107905,jordysmith_8,Sat Apr 23 01:42:31 +0000 2022,-94.15388899999999,36.186652,HELL YEAH GIBBY!!!!!!!!
1517680285965438977,CARTAEPHILLIPS3,Sat Apr 23 01:42:31 +0000 2022,-94.2791215,39.0148605,"Chile, I need to be where sis is sitting ü§£ü•∞."
1517680287487995904,geravitywave,Sat Apr 23 01:42:32 +0000 2022,-118.4119065,34.0207895,Btw all @metrolosangeles rides are free today.
1517680288004022272,rebeccahaydel,Sat Apr 23 01:42:32 +0000 2022,-102.3509565,31.39201,Day 3 of possibly having a strained intercostal muscle strain and/or rib fracture‚Ä¶ &amp; I‚Äôm over it.üòÖü•πüò≠
1517680287806722048,RobertDobson6,Sat Apr 23 01:42:32 +0000 2022,-118.1567105,33.809171500000005,Just chillin. Happy Friday! https://t.co/3klTEfFuFy
1517680290222772224,jn83968163,Sat Apr 23 01:42:32 +0000 2022,-76.421399,40.3378345,I‚Äôm don‚Äôt have a green thumb like my mom !!
1517680291418095616,Rockchick1006,Sat Apr 23 01:42:33 +0000 2022,-82.44269399999999,27.9965945,@mlp_sabres @ICENINEKILLS I miss Adam too! I‚Äôve seen them a handful of times. They put on an amazing show!
1517680291556597762,RyansCardssLLC,Sat Apr 23 01:42:33 +0000 2022,-83.1738665,32.6782075,@lifelongboltfan mf y didn‚Äôt even watch
1517680292705751040,danielgarciaml,Sat Apr 23 01:42:33 +0000 2022,-86.6807375,32.576227,@poetastrologers THE SEX
1517680292655505408,NineTaleFoxTTV,Sat Apr 23 01:42:33 +0000 2022,-71.0887125,42.3136695,@skinnycheeks I feel like your insinuating something here o.o templars are life
1517680293376937984,WarDamnStool,Sat Apr 23 01:42:33 +0000 2022,-85.4915405,32.597245,AUBURN WINS SCREW THE COCKS
1517680294106570756,Cathrinmachin,Sat Apr 23 01:42:33 +0000 2022,-122.81848600000001,49.111519,@haggswagg1 @CM_GenArt @originalhooters Oh Lorde put the wet wipes in the fridge üòÇ
1517680294328905728,Joanne48825002,Sat Apr 23 01:42:33 +0000 2022,-110.878602,32.1303245,@Heather39977321 I know! Me too! üò©
1517680294253498372,maroonish99,Sat Apr 23 01:42:33 +0000 2022,-95.6316895,29.603464000000002,@RoyMay15 @mrsthang01 This will forever be my favorite gif
1517680296291938304,SaxMike71,Sat Apr 23 01:42:34 +0000 2022,-83.804475,27.698681999999998,@jdlbrooklyn @TonesOfMusic No Carter?
1517680297361297408,ajwilson55,Sat Apr 23 01:42:34 +0000 2022,-122.2317885,47.9599495,At least that abomination is over. #seakraken
1517680297684447236,sportsguymarv,Sat Apr 23 01:42:34 +0000 2022,-83.6540795,32.848817499999996,Atlanta Falcons sponsor Flag Football Clinic and Coaches Seminar to encourage female athletes - Flag Football is in‚Ä¶ https://t.co/xCxwvxO1kn
1517680298560950272,2twitme,Sat Apr 23 01:42:34 +0000 2022,-121.979527,37.5236445,"@fivefiver55 @raydistributed Depending on what you want to do with non-ML related jobs? Also, post this on our https://t.co/195bI7ATeF."
1517680299001397251,jmculling,Sat Apr 23 01:42:35 +0000 2022,-83.574671,41.65659049999999,My CPA was just on the Jumbotron for the Cheers Cam. He‚Äôs stacked like 5 22oz labatt cups. These guys go on 4-6 week benders after 4/15
1517680299165077506,BuddhiniV,Sat Apr 23 01:42:35 +0000 2022,-76.1288105,43.052606999999995,we deserve
1517680299299119105,iembot_cys,Sat Apr 23 01:42:35 +0000 2022,-107.554562,43.000325000000004,"At 7:21 PM MDT, 12 NNE Lusk [Niobrara Co, WY] PUBLIC reports HAIL of half dollar size (U1.25 INCH) https://t.co/nrdvjb1HzN"
1517680298863042563,_g9262,Sat Apr 23 01:42:35 +0000 2022,-100.0768885,31.1688935,Goodnight y‚Äôall https://t.co/iI9tyE2y0p
1517680299353640961,iembot_fsd,Sat Apr 23 01:42:35 +0000 2022,-100.247165,44.2125075,"At 8:12 PM CDT, 2 SSE Wessington [Beadle Co, SD] CO-OP OBSERVER reports HAIL of egg size (E2.00 INCH). MOSTLY SMALL‚Ä¶ https://t.co/OWM4YwO0QE"
1517680299651571713,ChrisTurnbullWx,Sat Apr 23 01:42:35 +0000 2022,-77.8581095,40.7835375,Killing it tonight
1517680299676733441,HankOnFood,Sat Apr 23 01:42:35 +0000 2022,-95.61974287,29.72399001,My crew was too hungry and dove into our Mega-Pack from @twohandshtx!  Mighty delicious Korean style corn dogs wh‚Ä¶ https://t.co/EuJCatC9it
1517680300318408706,Pollyesther34,Sat Apr 23 01:42:35 +0000 2022,-97.94828100000001,35.0329435,Listening to More Human Than Human by White Zombie on @PandoraMusichttps://t.co/FAMw1c4xRV https://t.co/qHhL4r30BN
1517680303359377414,dennisswender,Sat Apr 23 01:42:36 +0000 2022,-86.1429225,39.7795625,Damn. Pretty sure my wife is wearing yoga pants at a homeschool convention right now.
1517680303426482176,thedopebohemian,Sat Apr 23 01:42:36 +0000 2022,-80.8467855,35.209058999999996,Louie is terrible. üòµ‚Äçüí´ü´£üò† #SnowfallFX
1517680303019601927,topofdaworld2,Sat Apr 23 01:42:36 +0000 2022,-90.011008,29.982601,@feylipay This how...... freeball. Dick swinging everywhere https://t.co/pEcjMXlEeM
1517680303497613312,standingrocker,Sat Apr 23 01:42:36 +0000 2022,-106.632718,35.1170025,Working on my paper #nodapl https://t.co/wGEVaD7OvC
1517680304462389249,jerrod_smith2,Sat Apr 23 01:42:36 +0000 2022,-89.92202900000001,35.1335205,when you consider the fact one of the greatest pg‚Äôs in the 90‚Äôs and a future hall of famer in the same position bot‚Ä¶ https://t.co/gWrK1X4O7A
1517680306177904647,OhanasRefuge,Sat Apr 23 01:42:36 +0000 2022,-84.31644299999999,34.1346125,No matter how Deep the Oceans üåä I know üôèüèª He will Keep my head above the waves‚úùÔ∏è‚Äî @Lauren_Daigle
1517680306358296578,BenMoore247,Sat Apr 23 01:42:36 +0000 2022,-84.46133850000001,33.452588,Delon doing Delon things...
1517680306458742784,TheTitanOfLA,Sat Apr 23 01:42:36 +0000 2022,-118.4119065,34.0207895,"Slightly surprised, but DEFINITELY not mad! She was my pick from the first promo shots! üòçüòç #DragRace #DragRaceFinale"
1517680306593087489,30RoundJizzle,Sat Apr 23 01:42:36 +0000 2022,-85.974467,31.806558,Pizza and movie night by myself ü§§
1517680308056989696,wizardkingbling,Sat Apr 23 01:42:37 +0000 2022,-91.5089435,29.7961955,In the hometown my Grandma was raised in feels sweet‚Ä¶ it‚Äôs always nice coming out here ‚ù§Ô∏è üëºüèæ
1517680307704672257,poopiestpants,Sat Apr 23 01:42:37 +0000 2022,-97.754724,30.323345500000002,@WIFEMODER You mean like the original Star Wars or like https://t.co/sDhOd0SG8Y
1517680308807688198,MilenaAmit,Sat Apr 23 01:42:37 +0000 2022,-80.134986,26.3739755,@SflDragon @DFB_City Red Reef is our usual beach spot. I take the boys fishing out of Bahia Mar in Ft. Lauderdale..‚Ä¶ https://t.co/zKFvVflR9o
1517680309646467072,maxon_grey,Sat Apr 23 01:42:37 +0000 2022,-123.123581,49.257639,@_discodicks Hi handsome. üåù
1517680310204440576,KatrinTammearu,Sat Apr 23 01:42:37 +0000 2022,-71.0543155,42.4574135,@ukraine_world Rubles seriously crashing in Germany's banks.
1517680310548406273,KeithCWoolsey,Sat Apr 23 01:42:37 +0000 2022,-85.7682405,37.822244,@EdgeRatedR and @ArcherOfInfamy Can Da Wooz Join? Just imagineüí≠us Taking on The Bloodline Together! ü§∑‚Äç‚ôÇÔ∏è
1517680311408246784,MrXclu6ive,Sat Apr 23 01:42:38 +0000 2022,-76.62048200000001,39.284712999999996,Yes u definitely can I'm waiting
1517680311701848066,CavaliersGBB,Sat Apr 23 01:42:38 +0000 2022,-92.1778075,38.5526005,Way to go!! üí™üèº
1517680312104456193,TheBravesWay,Sat Apr 23 01:42:38 +0000 2022,-83.1738665,32.6782075,"@CraigMish If Mattingly doesn't like Jazz Chisholm, feel free to leave him in Atlanta after the series."
1517680313635323904,chantell_ricks,Sat Apr 23 01:42:38 +0000 2022,-91.0907995,30.4591,@AndriLewisJr Great jobüëèüèΩ
1517680314063065089,trojanrich09,Sat Apr 23 01:42:38 +0000 2022,-111.931711,34.1682535,My SNY stream is 5 pitches behind. Yikes. #LgM
1517680314440691712,RyanLEllis,Sat Apr 23 01:42:38 +0000 2022,-77.0908695,38.81738,"@philipaklein As an obvious non-Philadelphian, it seems to me these have to have:1. Good bread with lots of sandy‚Ä¶ https://t.co/siIGqjZ65I"
1517680314818211846,jmc0413,Sat Apr 23 01:42:38 +0000 2022,-73.977717,40.705597499999996,not by choice
1517680315086651392,corviasayitall,Sat Apr 23 01:42:38 +0000 2022,-87.01055099999999,34.580925,So she hit Will now? üòí https://t.co/uI9YsExm3z
1517680314050564096,kenanfellows,Sat Apr 23 01:42:38 +0000 2022,-78.657837,35.8439815,Congratulations to our 2021-22 Kenan Fellows on their amazing fellowship projects that integrate their industry int‚Ä¶ https://t.co/UVKy7wrj9L
1517680314914676736,MasonGinsberg,Sat Apr 23 01:42:38 +0000 2022,-83.099288,42.3527865,"5 minutes of watching the pregame show and this happens, which is basically par for the course at this point.‚Ä¶ https://t.co/TXmlUm8rwA"
1517680315816460288,t0r14,Sat Apr 23 01:42:39 +0000 2022,-118.39428537,33.98609309,"üå¥ #HappyEarthDay #EarthDay (@ Fox Hills in Culver City, CA) https://t.co/u71CyDYFKm https://t.co/wrjquJBM0q"
1517680314553937930,MrsImeFlores,Sat Apr 23 01:42:38 +0000 2022,-95.359943,29.932435,Impressive performance from the youngest orchestra members! üéªüòç @ReeceAcademy #AldineStringsFestival #AISD https://t.co/KAAFCYli1V
1517680316844023808,WalterW13254304,Sat Apr 23 01:42:39 +0000 2022,-83.804475,27.698681999999998,"@WeThePeople021 @Desi_FLA The first state to do it, will have an immigration problem!"
1517680316256825344,SincerelySherie,Sat Apr 23 01:42:39 +0000 2022,-106.4174305,31.793368,That last min 1800 stress https://t.co/5FuETSkMVf
1517680316965658628,Fashi0n_Bug,Sat Apr 23 01:42:39 +0000 2022,-91.40100849999999,30.937336000000002,"I‚Äôm a big ole stepper, ion need no stepper, cause ima step for me.."
1517680317204676608,runflamingo,Sat Apr 23 01:42:39 +0000 2022,-105.056731,40.035608499999995,The responses to this are the thirstiest I've ever seen #Jeopardy Twitter.
1517680317900886016,jfksteelie,Sat Apr 23 01:42:39 +0000 2022,-124.144682,40.5833485,@Denise83canada Thank u so much
1517680320056680448,tamhodge,Sat Apr 23 01:42:40 +0000 2022,-118.4119065,34.0207895,@kevinmnye1 Such a great feeling!! I‚Äôm so proud of and stoked for you!!!!
1517680319197032448,TSWWrestling1,Sat Apr 23 01:42:39 +0000 2022,-73.755137,42.648954,Albany NY Smackdown https://t.co/6iGkOQc37Q
1517680320476327941,adam_ayala,Sat Apr 23 01:42:40 +0000 2022,-86.791549,36.200008,Jessica Mendoza?? Naw. I‚Äôll mute lol
1517680321516511235,federicoalves,Sat Apr 23 01:42:40 +0000 2022,-83.804475,27.698681999999998,It's John Smith.
1517680321617006592,__eli__g,Sat Apr 23 01:42:40 +0000 2022,-119.827182,39.512436,Why is vucevic our top scorer
1517680321676058625,Steelerfanrjh,Sat Apr 23 01:42:40 +0000 2022,-81.2831215,28.784184,@bdc48 Bernie threw the ugliest passes ever.
1517680322057494531,WarDamnStool,Sat Apr 23 01:42:40 +0000 2022,-85.4915405,32.597245,ITS RALLY TIME BABY!!!The Boys have been ON A ROLL in Conference play. GET YOUR RALLY TIME MERCH FROM THE LINKS I‚Ä¶ https://t.co/OvAwpAA6kQ
1517680322804129793,MrRichards157,Sat Apr 23 01:42:40 +0000 2022,-122.206535,47.760143,"I'm at @SushiZoneWa in Bothell, WA https://t.co/gy5VBdFZF6"
1517680323273785345,OrthodoxIslaam,Sat Apr 23 01:42:40 +0000 2022,-104.92209349999999,39.713563,@1MMeducation May Allaah bless you with the best in this life and the next dear Shaykh @1MMeducation!
1517680323894464512,sleepyserenade,Sat Apr 23 01:42:41 +0000 2022,-118.4119065,34.0207895,@BRBonowicz @PeterAPeel Omg I missed you again! We‚Äôre going to the Roosevelt after!
1517680324314112000,WarDamnStool,Sat Apr 23 01:42:41 +0000 2022,-85.4915405,32.597245,Classic Tee:https://t.co/z1vCmGgbQC
1517680324297306114,ClusiauSylvie,Sat Apr 23 01:42:41 +0000 2022,-73.723025,45.557830499999994,üôèüèºüåπüë∞üèº‚Äç‚ôÄÔ∏èü§µ‚Äç‚ôÇÔ∏èI love this dressü•∞J'adore cette Robeüôèüèºüòáüòáüåπüåπüåπüåπüåπüåπüåπhttps://t.co/BD4Udh0ZQY
1517680324460875776,BillLeeds,Sat Apr 23 01:42:41 +0000 2022,-79.9806895,40.431388999999996,@GilbertTheGoatt @HunterHodies And what If there isn't room under the cap? He is going to retire then? Betting on s‚Ä¶ https://t.co/mYtVwzzJUg
1517680324704153600,OMNOMNOMNUMNUM,Sat Apr 23 01:42:41 +0000 2022,-73.9685415,40.780709,The thread just mentioned the Morgan library has a copy of the Gutenberg Bible. What??? I didnt notice that!(To b‚Ä¶ https://t.co/2uGPYuwPrK
1517680325266092032,AlexWendlingMMA,Sat Apr 23 01:42:41 +0000 2022,-118.4119065,34.0207895,Darius ‚ÄúBeast mode‚Äù Flowers improves record to 10-5-1! #UFCFightPass 3-1 in the LFA Octagon! #LFA130
1517680326092414976,sookygal,Sat Apr 23 01:42:41 +0000 2022,-85.7682405,37.822244,"i miss driving around alone blasting the front bottoms on the country back roads of my hometown on a warm spring day, it was heaven"
1517680326117670912,Darknurr,Sat Apr 23 01:42:41 +0000 2022,-83.804475,27.698681999999998,Beach https://t.co/EOcxR2OClB
1517680326797103106,WarDamnStool,Sat Apr 23 01:42:41 +0000 2022,-85.4915405,32.597245,Hoodie:https://t.co/Tz1FaUNMaY
1517680328558751746,lawson_jordy,Sat Apr 23 01:42:42 +0000 2022,-86.50428400000001,39.763665,@jgreesontfp That‚Äôs hilarious
1517680328965558272,InfocliffMy,Sat Apr 23 01:42:42 +0000 2022,-88.1613215,41.748496,@Holy_Elle I try üòÜ https://t.co/HDBL5HGkdr
1517680329758326784,tisha_f,Sat Apr 23 01:42:42 +0000 2022,-121.469664,38.561722,This is ridiculously impossible. He stays saying dumb shit. Total gerontocracy.
1517680330366410758,ImaniLuv1,Sat Apr 23 01:42:42 +0000 2022,-83.884544,43.595584,@Gen21165537 I'd love for them to cum with me https://t.co/uLzQREicsu
1517680331691864067,Shellback_Tech,Sat Apr 23 01:42:42 +0000 2022,-100.3017115,47.467856999999995,@JulzD4W @DDS618_ I'm telling ya! Julz is made for the PC Industry! We got big moves coming!
1517680334715904004,SJKnightsBball,Sat Apr 23 01:42:43 +0000 2022,-82.3422685,34.7959415,@ChipFelkel @ChesneeBaseball Gotta go to work on Tuesday.
1517680334577483776,DaSportsShark,Sat Apr 23 01:42:43 +0000 2022,-86.142212,40.472726,People falling for this false reporting put out by friends of @MiamiDolphins Flores was high on Justin Herbert wh‚Ä¶ https://t.co/oG5op61PSV
1517680335235997696,hondaguy_86,Sat Apr 23 01:42:43 +0000 2022,-121.38967,38.778062,"I'm at Pauline and Richard Roccucci Park in Roseville, CA https://t.co/Xmr2ukDO59"
1517680337660170241,nnzzmaria,Sat Apr 23 01:42:44 +0000 2022,-122.043373,37.313083000000006,Nobody‚Äôs girl ü¶¶
1517680337010270208,BG_TechLife,Sat Apr 23 01:42:44 +0000 2022,-77.00312,38.6187975,Do you remember when you joined Twitter? I do! #MyTwitterAnniversary https://t.co/53gAknPRFi
1517680339736576000,JHS_Baseball1,Sat Apr 23 01:42:44 +0000 2022,-88.20823949999999,42.2804555,THIS ‚¨áÔ∏è is PURE GOLD!  Take a look at this video shared from Braeden!!#OneFAMILY #CloseTheGAP üîµüü°‚öæÔ∏èü¶Ö
1517680341829529600,riosro09,Sat Apr 23 01:42:45 +0000 2022,-87.7975975,41.766032499999994,Pristine Pimpage right there üòÇ
1517680341745430528,Beachsevenhair,Sat Apr 23 01:42:45 +0000 2022,-112.12467649999999,33.5528625,What are the customers saying about #Beachsevenhair https://t.co/FaJ9woVO4y https://t.co/fIUfSroO95
1517680342467063808,KBZO_,Sat Apr 23 01:42:45 +0000 2022,-97.116784,32.5735485,Yesss! They said who it was &amp; I was like üòëüòëüòëüòëüòëüòë
1517680342743891969,LihWhoaDie1500,Sat Apr 23 01:42:45 +0000 2022,-76.069946,36.8025415,My hair in four strand twist and it‚Äôs fucking with my length fr üò°
1517680343167520768,andylanechapman,Sat Apr 23 01:42:45 +0000 2022,-77.60468399999999,41.1179365,@anchorbound @UCLAHealth Hope you heal quickly! üíô
1517680343465312258,nuttingtutorial,Sat Apr 23 01:42:45 +0000 2022,-73.9685415,40.780709,Big ‚Äúsitting outside listening to music on your phone speaker‚Äù weather right now
1517680343226085376,dannyaf55,Sat Apr 23 01:42:45 +0000 2022,-117.104989,32.810012,"""My bestie and your bestie..."" Our last time on Guardians for a while, as well as Incredicoaster. We absolutely lov‚Ä¶ https://t.co/1uaiNr7f5C"
1517680344283164673,Badgerswimr,Sat Apr 23 01:42:45 +0000 2022,-88.416258,41.946893,@Cornfrmr @rodgrisier1958 @CBKimbrell Who are they? Cargill ADM Bunge don‚Äôt pay retail in falling markets
1517680346774781953,timdennis0U812,Sat Apr 23 01:42:46 +0000 2022,-90.3152575,38.505016999999995,@sky1955 @RichardGrenell Is this what you do all day?
1517680347127087105,ThatNOBoy504,Sat Apr 23 01:42:46 +0000 2022,-100.0768885,31.1688935,I be wanting to bring 1 pair of shoes with each different outfit I bring on vacation ü§¶üèæ‚Äç‚ôÇÔ∏è
1517680347139477504,511NY,Sat Apr 23 01:42:46 +0000 2022,-73.807098,41.199501,Cleared: Incident on #TaconicStateParkway NB at Exit 9 - Pinesbridge Road; CR 1323
1517680347206533121,511NYMidHudson,Sat Apr 23 01:42:46 +0000 2022,-73.807098,41.199501,Cleared: Incident on #TaconicStateParkway NB at Exit 9 - Pinesbridge Road; CR 1323
1517680348007743488,511NY,Sat Apr 23 01:42:46 +0000 2022,-73.882727,40.666296,Cleared: Construction on #B15Bus at New Lots Av/Ashford St
1517680348410355712,ashtonjlux,Sat Apr 23 01:42:46 +0000 2022,-95.626987,30.111635,Pitching Change: Senior @JilgNathan comes in to relieve#TXHSBB | @vypehouston | @cougarclawnews
1517680348909522944,righthind,Sat Apr 23 01:42:46 +0000 2022,-74.27203349999999,40.1351315,@GregReinhart Like the breeder.
1517680348959760385,511NY,Sat Apr 23 01:42:46 +0000 2022,-73.816398,41.0358,Cleared: Incident on #SprainBrookStateParkway NB at Dobbs Ferry Road; NY 100B
1517680348259397633,Ashlynnk062799,Sat Apr 23 01:42:46 +0000 2022,-79.9093485,39.851558,"Happy birthday to a dark beautiful soul! Thank you for being you, and the reasoning I‚Äôm a year and half sober! Hope‚Ä¶ https://t.co/HNLglpT6ur"
1517680349144354816,511NY,Sat Apr 23 01:42:47 +0000 2022,-73.058117,41.55038,Construction on #I84 EB at Exit 19 (RTE 8 SB) https://t.co/ZJrwGBeBTF
1517680350742253568,sandragnzlzzz,Sat Apr 23 01:42:47 +0000 2022,-111.931711,34.1682535,It‚Äôs time for dodger baseball!
1517680351191175174,Retrogurl_Lisa,Sat Apr 23 01:42:47 +0000 2022,-79.087874,43.053899,@Jenn_exer18 @w_white18 @streitmode @justinkuhn_98 I knew it !! ü§£
1517680351304372225,RyansCardssLLC,Sat Apr 23 01:42:47 +0000 2022,-83.1738665,32.6782075,y‚Äôall mf ain‚Äôt even watch the video smh
1517680351375679489,tramelayne,Sat Apr 23 01:42:47 +0000 2022,-118.4119065,34.0207895,"When I find something I like and works for me, I will buy ten of them ü§£ for example, in my closet you will find tha‚Ä¶ https://t.co/1l6XuUAbV9"
1517680351170154497,BaqaiHumayun,Sat Apr 23 01:42:47 +0000 2022,-87.825985,42.084928500000004,@M_AijazMalikPTI @shazbkhanzdaGEO Very said they should not be in the parliament I know this video we‚Äôre old it ref‚Ä¶ https://t.co/IOuSSzw3kH
1517680351698690049,728_Mr,Sat Apr 23 01:42:47 +0000 2022,-87.6532555,41.604543500000005,Excuse The Typos Bcuz I'm Pissed Off &amp; I Kno The BULLS Can &amp; Should Play Better.
1517680351900053505,GlennCraven,Sat Apr 23 01:42:47 +0000 2022,-92.067847,46.700355,"@MAGTravF Thrice, in fact."
1517680352143233026,leohinojosa98,Sat Apr 23 01:42:47 +0000 2022,-97.547392,25.558993,"Siri, play ‚Äúintro‚Äù from ‚ÄúThe XX‚Äù"
1517680353393229825,TerryHalligan3,Sat Apr 23 01:42:48 +0000 2022,-75.2752845,39.9552785,@pawatday_2222 @alicechin2 @ohmpawatt Now that's a sexy man!! ‚ò∫Ô∏èüòÜüòâü´∂ü´∞üíï
1517680354919948293,flyliberty1922,Sat Apr 23 01:42:48 +0000 2022,-83.9638415,35.9824705,Congratulations @andrewfos12 on joining the @MTLAlouettes and the @cfl. We are happy to be a part of your transitio‚Ä¶ https://t.co/zc4ZNfK8g3
1517680355649675266,realSwiftybass,Sat Apr 23 01:42:48 +0000 2022,-73.993542,40.750752,Always good to see my brothers https://t.co/CaVF5NYtkc
1517680357734289408,livingfreekc,Sat Apr 23 01:42:49 +0000 2022,-83.804475,27.698681999999998,@disclosetv Waiting to hear how we make jets that don‚Äôt use gas‚Ä¶
1517680358178795520,cat1129,Sat Apr 23 01:42:49 +0000 2022,-117.8874385,33.739992,@Davidlaz The question on Jupiter's face üòπüòπüòπ
1517680358388428800,keenkroywen,Sat Apr 23 01:42:49 +0000 2022,-73.9685415,40.780709,@FreddieGibbs @RaineyOvalle It‚Äôs a mother fking bald off !!!
1517680358577385475,CobbShimone,Sat Apr 23 01:42:49 +0000 2022,-80.65181799999999,27.986947,Beautiful Earth üåç Day https://t.co/nTwCwB3XU0
1517680361274290176,porto_party,Sat Apr 23 01:42:49 +0000 2022,-104.92209349999999,39.713563,The 3 P‚Äôs of getting ready to go out in Denver: Pashmina ‚òëÔ∏èPinecone ‚òëÔ∏èPlatforms ‚òëÔ∏è
1517680360875692033,rockstarsamm,Sat Apr 23 01:42:49 +0000 2022,-118.035289,34.070871,"fr, its the best high too"
